Métrica,Valor
Accuracy,0.9107428115015974
Macro-F1,0.8925417637718809
Weighted-F1,0.9118195505485137
Micro-F1,0.9107428115015974
