Métrica,Valor
Accuracy,0.9087460063897763
Macro-F1,0.8896467691709413
Weighted-F1,0.9103585851714483
Micro-F1,0.9087460063897763
