Dataset,Accuracy,Macro-F1,Samples
Test Original,0.9107428115015974,0.8925417637718809,5008
Adversario,0.22583865814696485,0.07369278384101645,5008
Ofuscado,0.8911370134154387,0.8638492889030763,4547
